<?xml version="1.0"?>
<assembly>

  <id>dist</id>
  
  <formats>
    <format>zip</format>
  </formats>
  
  <fileSets>
    <fileSet>
      <directory>${basedir}/../javatuples/target/apidocs/</directory>
      <outputDirectory>/apidocs</outputDirectory>
      <includes>
        <include>**/*</include>
      </includes>
    </fileSet>
    <fileSet>
      <directory>${basedir}/../javatuples/target/</directory>
      <outputDirectory>/dist</outputDirectory>
      <includes>
        <include>javatuples-${version}.jar</include>
        <include>javatuples-${version}-javadoc.jar</include>
        <include>javatuples-${version}-sources.jar</include>
      </includes>
    </fileSet>
    <fileSet>
      <directory>${basedir}/</directory>
      <outputDirectory>/</outputDirectory>
      <includes>
        <include>LICENSE.txt</include>
        <include>README.txt</include>
        <include>NOTICE.txt</include>
      </includes>
    </fileSet>
  </fileSets>
    
    
  <dependencySets>
    <dependencySet>
      <outputDirectory>/lib</outputDirectory>
      <unpack>false</unpack>
      <scope>runtime</scope>
    </dependencySet>
  </dependencySets> 
  
  
</assembly>
